section,outcome,adjustment,term,label,coef_log_odds,se,z,p_value,estimate_type,estimate,ci_low,ci_high,n_conversations,n_user_turns,n_constructive_turns,log_likelihood,model_source_reference,n_recoverable_model_source_levels,n_model_source_fixed_effects,formula,se_type,notes
2.2,any constructive turn,dataset FE,Intercept,Intercept,-3.265619,0.051916,-62.902424,0,odds ratio,0.038173,0.034480,0.042262,128569,,,-45475.243659,,0,0,has_Cog_C ~ user framing + task ecology + length bucket + dataset fixed effects,conversation-robust sandwich,Model/source sensitivity replaces dataset fixed effects with recoverable model or source-family indicators; model/source labels are observational metadata.
2.2,any constructive turn,dataset FE,intentional_framing,Intentional framing,1.107760,0.017381,63.733137,0,odds ratio,3.027568,2.926165,3.132486,128569,,,-45475.243659,,0,0,has_Cog_C ~ user framing + task ecology + length bucket + dataset fixed effects,conversation-robust sandwich,Model/source sensitivity replaces dataset fixed effects with recoverable model or source-family indicators; model/source labels are observational metadata.
2.2,any constructive turn,dataset FE,coding_task,Coding task ecology,0.635405,0.049407,12.860664,7.49305e-38,odds ratio,1.887787,1.713551,2.079739,128569,,,-45475.243659,,0,0,has_Cog_C ~ user framing + task ecology + length bucket + dataset fixed effects,conversation-robust sandwich,Model/source sensitivity replaces dataset fixed effects with recoverable model or source-family indicators; model/source labels are observational metadata.
2.2,any constructive turn,dataset FE,length_4_6_user_turns,4--6 user turns,0.728470,0.019832,36.731730,2.27605e-295,odds ratio,2.071908,1.992916,2.154031,128569,,,-45475.243659,,0,0,has_Cog_C ~ user framing + task ecology + length bucket + dataset fixed effects,conversation-robust sandwich,Model/source sensitivity replaces dataset fixed effects with recoverable model or source-family indicators; model/source labels are observational metadata.
2.2,any constructive turn,dataset FE,length_7plus_user_turns,7+ user turns,1.274279,0.023274,54.751611,0,odds ratio,3.576123,3.416657,3.743032,128569,,,-45475.243659,,0,0,has_Cog_C ~ user framing + task ecology + length bucket + dataset fixed effects,conversation-robust sandwich,Model/source sensitivity replaces dataset fixed effects with recoverable model or source-family indicators; model/source labels are observational metadata.
2.2,any constructive turn,dataset FE,dataset_LMSYS,dataset_LMSYS,-0.351364,0.018613,-18.876866,1.76768e-79,odds ratio,0.703727,0.678516,0.729875,128569,,,-45475.243659,,0,0,has_Cog_C ~ user framing + task ecology + length bucket + dataset fixed effects,conversation-robust sandwich,Model/source sensitivity replaces dataset fixed effects with recoverable model or source-family indicators; model/source labels are observational metadata.
2.2,any constructive turn,dataset FE,dataset_ShareChat,dataset_ShareChat,0.826591,0.038314,21.574077,3.14698e-103,odds ratio,2.285514,2.120168,2.463755,128569,,,-45475.243659,,0,0,has_Cog_C ~ user framing + task ecology + length bucket + dataset fixed effects,conversation-robust sandwich,Model/source sensitivity replaces dataset fixed effects with recoverable model or source-family indicators; model/source labels are observational metadata.
2.2,constructive-turn rate,dataset FE,Intercept,Intercept,-3.903933,0.062555,-62.407594,0,odds ratio,0.020162,0.017836,0.022792,128569,491685,24227,-92633.576704,,0,0,Cog_C_count out of user_turns ~ user framing + task ecology + length bucket + dataset fixed effects,conversation-robust sandwich,Model/source sensitivity replaces dataset fixed effects with recoverable model or source-family indicators; model/source labels are observational metadata.
2.2,constructive-turn rate,dataset FE,intentional_framing,Intentional framing,1.022258,0.018722,54.600870,0,odds ratio,2.779463,2.679317,2.883353,128569,491685,24227,-92633.576704,,0,0,Cog_C_count out of user_turns ~ user framing + task ecology + length bucket + dataset fixed effects,conversation-robust sandwich,Model/source sensitivity replaces dataset fixed effects with recoverable model or source-family indicators; model/source labels are observational metadata.
2.2,constructive-turn rate,dataset FE,coding_task,Coding task ecology,0.509746,0.061915,8.232951,1.82657e-16,odds ratio,1.664868,1.474608,1.879677,128569,491685,24227,-92633.576704,,0,0,Cog_C_count out of user_turns ~ user framing + task ecology + length bucket + dataset fixed effects,conversation-robust sandwich,Model/source sensitivity replaces dataset fixed effects with recoverable model or source-family indicators; model/source labels are observational metadata.
2.2,constructive-turn rate,dataset FE,length_4_6_user_turns,4--6 user turns,0.126112,0.019284,6.539860,6.15766e-11,odds ratio,1.134410,1.092334,1.178106,128569,491685,24227,-92633.576704,,0,0,Cog_C_count out of user_turns ~ user framing + task ecology + length bucket + dataset fixed effects,conversation-robust sandwich,Model/source sensitivity replaces dataset fixed effects with recoverable model or source-family indicators; model/source labels are observational metadata.
2.2,constructive-turn rate,dataset FE,length_7plus_user_turns,7+ user turns,0.061503,0.023828,2.581142,0.00984742,odds ratio,1.063434,1.014911,1.114277,128569,491685,24227,-92633.576704,,0,0,Cog_C_count out of user_turns ~ user framing + task ecology + length bucket + dataset fixed effects,conversation-robust sandwich,Model/source sensitivity replaces dataset fixed effects with recoverable model or source-family indicators; model/source labels are observational metadata.
2.2,constructive-turn rate,dataset FE,dataset_LMSYS,dataset_LMSYS,-0.328714,0.019779,-16.619339,5.04862e-62,odds ratio,0.719849,0.692477,0.748303,128569,491685,24227,-92633.576704,,0,0,Cog_C_count out of user_turns ~ user framing + task ecology + length bucket + dataset fixed effects,conversation-robust sandwich,Model/source sensitivity replaces dataset fixed effects with recoverable model or source-family indicators; model/source labels are observational metadata.
2.2,constructive-turn rate,dataset FE,dataset_ShareChat,dataset_ShareChat,0.835071,0.040910,20.412350,1.29888e-92,odds ratio,2.304977,2.127371,2.497411,128569,491685,24227,-92633.576704,,0,0,Cog_C_count out of user_turns ~ user framing + task ecology + length bucket + dataset fixed effects,conversation-robust sandwich,Model/source sensitivity replaces dataset fixed effects with recoverable model or source-family indicators; model/source labels are observational metadata.
2.2,any constructive turn,model/source FE,Intercept,Intercept,-3.166548,0.113910,-27.798571,4.51379e-170,odds ratio,0.042149,0.033715,0.052692,128569,,,-45110.626387,LMSYS::RWKV-4-Raven-14B,44,40,has_Cog_C ~ user framing + task ecology + length bucket + model/source fixed effects,conversation-robust sandwich,Model/source sensitivity replaces dataset fixed effects with recoverable model or source-family indicators; model/source labels are observational metadata.
2.2,any constructive turn,model/source FE,intentional_framing,Intentional framing,1.116313,0.017484,63.846140,0,odds ratio,3.053575,2.950703,3.160033,128569,,,-45110.626387,LMSYS::RWKV-4-Raven-14B,44,40,has_Cog_C ~ user framing + task ecology + length bucket + model/source fixed effects,conversation-robust sandwich,Model/source sensitivity replaces dataset fixed effects with recoverable model or source-family indicators; model/source labels are observational metadata.
2.2,any constructive turn,model/source FE,coding_task,Coding task ecology,0.634962,0.049448,12.840990,9.66303e-38,odds ratio,1.886950,1.712653,2.078985,128569,,,-45110.626387,LMSYS::RWKV-4-Raven-14B,44,40,has_Cog_C ~ user framing + task ecology + length bucket + model/source fixed effects,conversation-robust sandwich,Model/source sensitivity replaces dataset fixed effects with recoverable model or source-family indicators; model/source labels are observational metadata.
2.2,any constructive turn,model/source FE,length_4_6_user_turns,4--6 user turns,0.730834,0.019965,36.605415,2.34553e-293,odds ratio,2.076813,1.997113,2.159693,128569,,,-45110.626387,LMSYS::RWKV-4-Raven-14B,44,40,has_Cog_C ~ user framing + task ecology + length bucket + model/source fixed effects,conversation-robust sandwich,Model/source sensitivity replaces dataset fixed effects with recoverable model or source-family indicators; model/source labels are observational metadata.
2.2,any constructive turn,model/source FE,length_7plus_user_turns,7+ user turns,1.275241,0.023499,54.267771,0,odds ratio,3.579564,3.418435,3.748287,128569,,,-45110.626387,LMSYS::RWKV-4-Raven-14B,44,40,has_Cog_C ~ user framing + task ecology + length bucket + model/source fixed effects,conversation-robust sandwich,Model/source sensitivity replaces dataset fixed effects with recoverable model or source-family indicators; model/source labels are observational metadata.
2.2,any constructive turn,model/source FE,model_source::LMSYS::alpaca-13b,model_source::LMSYS::alpaca-13b,-0.752500,0.127676,-5.893819,3.77371e-09,odds ratio,0.471187,0.366871,0.605165,128569,,,-45110.626387,LMSYS::RWKV-4-Raven-14B,44,40,has_Cog_C ~ user framing + task ecology + length bucket + model/source fixed effects,conversation-robust sandwich,Model/source sensitivity replaces dataset fixed effects with recoverable model or source-family indicators; model/source labels are observational metadata.
2.2,any constructive turn,model/source FE,model_source::LMSYS::chatglm-6b,model_source::LMSYS::chatglm-6b,-0.694587,0.142284,-4.881683,1.05184e-06,odds ratio,0.499281,0.377772,0.659872,128569,,,-45110.626387,LMSYS::RWKV-4-Raven-14B,44,40,has_Cog_C ~ user framing + task ecology + length bucket + model/source fixed effects,conversation-robust sandwich,Model/source sensitivity replaces dataset fixed effects with recoverable model or source-family indicators; model/source labels are observational metadata.
2.2,any constructive turn,model/source FE,model_source::LMSYS::claude-1,model_source::LMSYS::claude-1,-0.384407,0.131200,-2.929938,0.0033903,odds ratio,0.680854,0.526471,0.880509,128569,,,-45110.626387,LMSYS::RWKV-4-Raven-14B,44,40,has_Cog_C ~ user framing + task ecology + length bucket + model/source fixed effects,conversation-robust sandwich,Model/source sensitivity replaces dataset fixed effects with recoverable model or source-family indicators; model/source labels are observational metadata.
2.2,any constructive turn,model/source FE,model_source::LMSYS::claude-instant-1,model_source::LMSYS::claude-instant-1,0.109361,0.201498,0.542742,0.587307,odds ratio,1.115565,0.751583,1.655820,128569,,,-45110.626387,LMSYS::RWKV-4-Raven-14B,44,40,has_Cog_C ~ user framing + task ecology + length bucket + model/source fixed effects,conversation-robust sandwich,Model/source sensitivity replaces dataset fixed effects with recoverable model or source-family indicators; model/source labels are observational metadata.
2.2,any constructive turn,model/source FE,model_source::LMSYS::dolly-v2-12b,model_source::LMSYS::dolly-v2-12b,-0.640561,0.163440,-3.919253,8.8824e-05,odds ratio,0.526997,0.382547,0.725990,128569,,,-45110.626387,LMSYS::RWKV-4-Raven-14B,44,40,has_Cog_C ~ user framing + task ecology + length bucket + model/source fixed effects,conversation-robust sandwich,Model/source sensitivity replaces dataset fixed effects with recoverable model or source-family indicators; model/source labels are observational metadata.
2.2,any constructive turn,model/source FE,model_source::LMSYS::fastchat-t5-3b,model_source::LMSYS::fastchat-t5-3b,-0.954048,0.191666,-4.977660,6.43575e-07,odds ratio,0.385179,0.264553,0.560805,128569,,,-45110.626387,LMSYS::RWKV-4-Raven-14B,44,40,has_Cog_C ~ user framing + task ecology + length bucket + model/source fixed effects,conversation-robust sandwich,Model/source sensitivity replaces dataset fixed effects with recoverable model or source-family indicators; model/source labels are observational metadata.
2.2,any constructive turn,model/source FE,model_source::LMSYS::gpt-3.5-turbo,model_source::LMSYS::gpt-3.5-turbo,-0.450884,0.206477,-2.183702,0.0289842,odds ratio,0.637065,0.425037,0.954861,128569,,,-45110.626387,LMSYS::RWKV-4-Raven-14B,44,40,has_Cog_C ~ user framing + task ecology + length bucket + model/source fixed effects,conversation-robust sandwich,Model/source sensitivity replaces dataset fixed effects with recoverable model or source-family indicators; model/source labels are observational metadata.
2.2,any constructive turn,model/source FE,model_source::LMSYS::gpt-4,model_source::LMSYS::gpt-4,-0.145553,0.169650,-0.857956,0.390917,odds ratio,0.864544,0.619980,1.205582,128569,,,-45110.626387,LMSYS::RWKV-4-Raven-14B,44,40,has_Cog_C ~ user framing + task ecology + length bucket + model/source fixed effects,conversation-robust sandwich,Model/source sensitivity replaces dataset fixed effects with recoverable model or source-family indicators; model/source labels are observational metadata.
2.2,any constructive turn,model/source FE,model_source::LMSYS::gpt4all-13b-snoozy,model_source::LMSYS::gpt4all-13b-snoozy,-0.185422,0.197121,-0.940654,0.346882,odds ratio,0.830753,0.564520,1.222544,128569,,,-45110.626387,LMSYS::RWKV-4-Raven-14B,44,40,has_Cog_C ~ user framing + task ecology + length bucket + model/source fixed effects,conversation-robust sandwich,Model/source sensitivity replaces dataset fixed effects with recoverable model or source-family indicators; model/source labels are observational metadata.
2.2,any constructive turn,model/source FE,model_source::LMSYS::guanaco-33b,model_source::LMSYS::guanaco-33b,-0.487568,0.178317,-2.734275,0.00625178,odds ratio,0.614118,0.432978,0.871041,128569,,,-45110.626387,LMSYS::RWKV-4-Raven-14B,44,40,has_Cog_C ~ user framing + task ecology + length bucket + model/source fixed effects,conversation-robust sandwich,Model/source sensitivity replaces dataset fixed effects with recoverable model or source-family indicators; model/source labels are observational metadata.
2.2,any constructive turn,model/source FE,model_source::LMSYS::koala-13b,model_source::LMSYS::koala-13b,-0.483701,0.117990,-4.099493,4.14055e-05,odds ratio,0.616498,0.489211,0.776903,128569,,,-45110.626387,LMSYS::RWKV-4-Raven-14B,44,40,has_Cog_C ~ user framing + task ecology + length bucket + model/source fixed effects,conversation-robust sandwich,Model/source sensitivity replaces dataset fixed effects with recoverable model or source-family indicators; model/source labels are observational metadata.
2.2,any constructive turn,model/source FE,model_source::LMSYS::llama-13b,model_source::LMSYS::llama-13b,-1.265474,0.194203,-6.516239,7.20923e-11,odds ratio,0.282106,0.192798,0.412782,128569,,,-45110.626387,LMSYS::RWKV-4-Raven-14B,44,40,has_Cog_C ~ user framing + task ecology + length bucket + model/source fixed effects,conversation-robust sandwich,Model/source sensitivity replaces dataset fixed effects with recoverable model or source-family indicators; model/source labels are observational metadata.
2.2,any constructive turn,model/source FE,model_source::LMSYS::llama-2-13b-chat,model_source::LMSYS::llama-2-13b-chat,-0.331095,0.127069,-2.605622,0.00917077,odds ratio,0.718137,0.559814,0.921236,128569,,,-45110.626387,LMSYS::RWKV-4-Raven-14B,44,40,has_Cog_C ~ user framing + task ecology + length bucket + model/source fixed effects,conversation-robust sandwich,Model/source sensitivity replaces dataset fixed effects with recoverable model or source-family indicators; model/source labels are observational metadata.
2.2,any constructive turn,model/source FE,model_source::LMSYS::llama-2-7b-chat,model_source::LMSYS::llama-2-7b-chat,-0.537471,0.288276,-1.864430,0.0622614,odds ratio,0.584224,0.332043,1.027934,128569,,,-45110.626387,LMSYS::RWKV-4-Raven-14B,44,40,has_Cog_C ~ user framing + task ecology + length bucket + model/source fixed effects,conversation-robust sandwich,Model/source sensitivity replaces dataset fixed effects with recoverable model or source-family indicators; model/source labels are observational metadata.
2.2,any constructive turn,model/source FE,model_source::LMSYS::mpt-30b-chat,model_source::LMSYS::mpt-30b-chat,-0.095308,0.195063,-0.488601,0.625124,odds ratio,0.909093,0.620251,1.332444,128569,,,-45110.626387,LMSYS::RWKV-4-Raven-14B,44,40,has_Cog_C ~ user framing + task ecology + length bucket + model/source fixed effects,conversation-robust sandwich,Model/source sensitivity replaces dataset fixed effects with recoverable model or source-family indicators; model/source labels are observational metadata.
2.2,any constructive turn,model/source FE,model_source::LMSYS::mpt-7b-chat,model_source::LMSYS::mpt-7b-chat,-0.601008,0.183426,-3.276576,0.00105074,odds ratio,0.548259,0.382693,0.785454,128569,,,-45110.626387,LMSYS::RWKV-4-Raven-14B,44,40,has_Cog_C ~ user framing + task ecology + length bucket + model/source fixed effects,conversation-robust sandwich,Model/source sensitivity replaces dataset fixed effects with recoverable model or source-family indicators; model/source labels are observational metadata.
2.2,any constructive turn,model/source FE,model_source::LMSYS::oasst-pythia-12b,model_source::LMSYS::oasst-pythia-12b,-0.471013,0.162600,-2.896766,0.00377031,odds ratio,0.624370,0.453977,0.858715,128569,,,-45110.626387,LMSYS::RWKV-4-Raven-14B,44,40,has_Cog_C ~ user framing + task ecology + length bucket + model/source fixed effects,conversation-robust sandwich,Model/source sensitivity replaces dataset fixed effects with recoverable model or source-family indicators; model/source labels are observational metadata.
2.2,any constructive turn,model/source FE,model_source::LMSYS::palm-2,model_source::LMSYS::palm-2,-0.082869,0.213537,-0.388081,0.697956,odds ratio,0.920471,0.605681,1.398866,128569,,,-45110.626387,LMSYS::RWKV-4-Raven-14B,44,40,has_Cog_C ~ user framing + task ecology + length bucket + model/source fixed effects,conversation-robust sandwich,Model/source sensitivity replaces dataset fixed effects with recoverable model or source-family indicators; model/source labels are observational metadata.
2.2,any constructive turn,model/source FE,model_source::LMSYS::stablelm-tuned-alpha-7b,model_source::LMSYS::stablelm-tuned-alpha-7b,-0.824944,0.215367,-3.830408,0.000127931,odds ratio,0.438259,0.287347,0.668429,128569,,,-45110.626387,LMSYS::RWKV-4-Raven-14B,44,40,has_Cog_C ~ user framing + task ecology + length bucket + model/source fixed effects,conversation-robust sandwich,Model/source sensitivity replaces dataset fixed effects with recoverable model or source-family indicators; model/source labels are observational metadata.
2.2,any constructive turn,model/source FE,model_source::LMSYS::vicuna-13b,model_source::LMSYS::vicuna-13b,-0.433048,0.104183,-4.156603,3.23015e-05,odds ratio,0.648529,0.528746,0.795448,128569,,,-45110.626387,LMSYS::RWKV-4-Raven-14B,44,40,has_Cog_C ~ user framing + task ecology + length bucket + model/source fixed effects,conversation-robust sandwich,Model/source sensitivity replaces dataset fixed effects with recoverable model or source-family indicators; model/source labels are observational metadata.
2.2,any constructive turn,model/source FE,model_source::LMSYS::vicuna-33b,model_source::LMSYS::vicuna-33b,-0.232956,0.137511,-1.694094,0.0902474,odds ratio,0.792188,0.605030,1.037242,128569,,,-45110.626387,LMSYS::RWKV-4-Raven-14B,44,40,has_Cog_C ~ user framing + task ecology + length bucket + model/source fixed effects,conversation-robust sandwich,Model/source sensitivity replaces dataset fixed effects with recoverable model or source-family indicators; model/source labels are observational metadata.
2.2,any constructive turn,model/source FE,model_source::LMSYS::vicuna-7b,model_source::LMSYS::vicuna-7b,-0.781991,0.190932,-4.095652,4.20983e-05,odds ratio,0.457494,0.314674,0.665136,128569,,,-45110.626387,LMSYS::RWKV-4-Raven-14B,44,40,has_Cog_C ~ user framing + task ecology + length bucket + model/source fixed effects,conversation-robust sandwich,Model/source sensitivity replaces dataset fixed effects with recoverable model or source-family indicators; model/source labels are observational metadata.
2.2,any constructive turn,model/source FE,model_source::LMSYS::wizardlm-13b,model_source::LMSYS::wizardlm-13b,-0.121051,0.170072,-0.711763,0.476612,odds ratio,0.885989,0.634833,1.236507,128569,,,-45110.626387,LMSYS::RWKV-4-Raven-14B,44,40,has_Cog_C ~ user framing + task ecology + length bucket + model/source fixed effects,conversation-robust sandwich,Model/source sensitivity replaces dataset fixed effects with recoverable model or source-family indicators; model/source labels are observational metadata.
2.2,any constructive turn,model/source FE,model_source::ShareChat::chatgpt,model_source::ShareChat::chatgpt,0.806203,0.109843,7.339581,2.14264e-13,odds ratio,2.239389,1.805631,2.777345,128569,,,-45110.626387,LMSYS::RWKV-4-Raven-14B,44,40,has_Cog_C ~ user framing + task ecology + length bucket + model/source fixed effects,conversation-robust sandwich,Model/source sensitivity replaces dataset fixed effects with recoverable model or source-family indicators; model/source labels are observational metadata.
2.2,any constructive turn,model/source FE,model_source::ShareChat::grok,model_source::ShareChat::grok,-0.045777,0.271158,-0.168819,0.865939,odds ratio,0.955255,0.561443,1.625300,128569,,,-45110.626387,LMSYS::RWKV-4-Raven-14B,44,40,has_Cog_C ~ user framing + task ecology + length bucket + model/source fixed effects,conversation-robust sandwich,Model/source sensitivity replaces dataset fixed effects with recoverable model or source-family indicators; model/source labels are observational metadata.
2.2,any constructive turn,model/source FE,model_source::ShareChat::perplexity,model_source::ShareChat::perplexity,-0.146864,0.198088,-0.741409,0.458445,odds ratio,0.863411,0.585601,1.273015,128569,,,-45110.626387,LMSYS::RWKV-4-Raven-14B,44,40,has_Cog_C ~ user framing + task ecology + length bucket + model/source fixed effects,conversation-robust sandwich,Model/source sensitivity replaces dataset fixed effects with recoverable model or source-family indicators; model/source labels are observational metadata.
2.2,any constructive turn,model/source FE,model_source::WildChat::gpt-3.5-turbo,model_source::WildChat::gpt-3.5-turbo,-0.154045,0.105723,-1.457068,0.145098,odds ratio,0.857233,0.696797,1.054610,128569,,,-45110.626387,LMSYS::RWKV-4-Raven-14B,44,40,has_Cog_C ~ user framing + task ecology + length bucket + model/source fixed effects,conversation-robust sandwich,Model/source sensitivity replaces dataset fixed effects with recoverable model or source-family indicators; model/source labels are observational metadata.
2.2,any constructive turn,model/source FE,model_source::WildChat::gpt-3.5-turbo-0125,model_source::WildChat::gpt-3.5-turbo-0125,-0.087583,0.114020,-0.768136,0.442406,odds ratio,0.916143,0.732668,1.145564,128569,,,-45110.626387,LMSYS::RWKV-4-Raven-14B,44,40,has_Cog_C ~ user framing + task ecology + length bucket + model/source fixed effects,conversation-robust sandwich,Model/source sensitivity replaces dataset fixed effects with recoverable model or source-family indicators; model/source labels are observational metadata.
2.2,any constructive turn,model/source FE,model_source::WildChat::gpt-3.5-turbo-0301,model_source::WildChat::gpt-3.5-turbo-0301,-0.087198,0.116840,-0.746302,0.455485,odds ratio,0.916496,0.728911,1.152356,128569,,,-45110.626387,LMSYS::RWKV-4-Raven-14B,44,40,has_Cog_C ~ user framing + task ecology + length bucket + model/source fixed effects,conversation-robust sandwich,Model/source sensitivity replaces dataset fixed effects with recoverable model or source-family indicators; model/source labels are observational metadata.
2.2,any constructive turn,model/source FE,model_source::WildChat::gpt-3.5-turbo-0613,model_source::WildChat::gpt-3.5-turbo-0613,-0.589754,0.106319,-5.547010,2.90596e-08,odds ratio,0.554464,0.450166,0.682926,128569,,,-45110.626387,LMSYS::RWKV-4-Raven-14B,44,40,has_Cog_C ~ user framing + task ecology + length bucket + model/source fixed effects,conversation-robust sandwich,Model/source sensitivity replaces dataset fixed effects with recoverable model or source-family indicators; model/source labels are observational metadata.
2.2,any constructive turn,model/source FE,model_source::WildChat::gpt-4,model_source::WildChat::gpt-4,0.337009,0.117148,2.876772,0.00401766,odds ratio,1.400752,1.113378,1.762301,128569,,,-45110.626387,LMSYS::RWKV-4-Raven-14B,44,40,has_Cog_C ~ user framing + task ecology + length bucket + model/source fixed effects,conversation-robust sandwich,Model/source sensitivity replaces dataset fixed effects with recoverable model or source-family indicators; model/source labels are observational metadata.
2.2,any constructive turn,model/source FE,model_source::WildChat::gpt-4-0125-preview,model_source::WildChat::gpt-4-0125-preview,-0.017208,0.112510,-0.152949,0.878439,odds ratio,0.982939,0.788418,1.225453,128569,,,-45110.626387,LMSYS::RWKV-4-Raven-14B,44,40,has_Cog_C ~ user framing + task ecology + length bucket + model/source fixed effects,conversation-robust sandwich,Model/source sensitivity replaces dataset fixed effects with recoverable model or source-family indicators; model/source labels are observational metadata.
2.2,any constructive turn,model/source FE,model_source::WildChat::gpt-4-0314,model_source::WildChat::gpt-4-0314,0.604663,0.134738,4.487700,7.19963e-06,odds ratio,1.830635,1.405758,2.383928,128569,,,-45110.626387,LMSYS::RWKV-4-Raven-14B,44,40,has_Cog_C ~ user framing + task ecology + length bucket + model/source fixed effects,conversation-robust sandwich,Model/source sensitivity replaces dataset fixed effects with recoverable model or source-family indicators; model/source labels are observational metadata.
2.2,any constructive turn,model/source FE,model_source::WildChat::gpt-4-1106-preview,model_source::WildChat::gpt-4-1106-preview,0.158272,0.110134,1.437086,0.150694,odds ratio,1.171485,0.944036,1.453734,128569,,,-45110.626387,LMSYS::RWKV-4-Raven-14B,44,40,has_Cog_C ~ user framing + task ecology + length bucket + model/source fixed effects,conversation-robust sandwich,Model/source sensitivity replaces dataset fixed effects with recoverable model or source-family indicators; model/source labels are observational metadata.
2.2,any constructive turn,model/source FE,model_source::WildChat::gpt-4-turbo-2024-04-09,model_source::WildChat::gpt-4-turbo-2024-04-09,-0.286928,0.133457,-2.149968,0.0315577,odds ratio,0.750565,0.577813,0.974966,128569,,,-45110.626387,LMSYS::RWKV-4-Raven-14B,44,40,has_Cog_C ~ user framing + task ecology + length bucket + model/source fixed effects,conversation-robust sandwich,Model/source sensitivity replaces dataset fixed effects with recoverable model or source-family indicators; model/source labels are observational metadata.
2.2,any constructive turn,model/source FE,model_source::WildChat::gpt-4.1-mini-2025-04-14,model_source::WildChat::gpt-4.1-mini-2025-04-14,0.006642,0.114922,0.057794,0.953913,odds ratio,1.006664,0.803638,1.260980,128569,,,-45110.626387,LMSYS::RWKV-4-Raven-14B,44,40,has_Cog_C ~ user framing + task ecology + length bucket + model/source fixed effects,conversation-robust sandwich,Model/source sensitivity replaces dataset fixed effects with recoverable model or source-family indicators; model/source labels are observational metadata.
2.2,any constructive turn,model/source FE,model_source::WildChat::gpt-4o-2024-05-13,model_source::WildChat::gpt-4o-2024-05-13,0.135475,0.110671,1.224117,0.220908,odds ratio,1.145080,0.921787,1.422464,128569,,,-45110.626387,LMSYS::RWKV-4-Raven-14B,44,40,has_Cog_C ~ user framing + task ecology + length bucket + model/source fixed effects,conversation-robust sandwich,Model/source sensitivity replaces dataset fixed effects with recoverable model or source-family indicators; model/source labels are observational metadata.
2.2,any constructive turn,model/source FE,model_source::WildChat::gpt-4o-2024-08-06,model_source::WildChat::gpt-4o-2024-08-06,0.108103,0.107641,1.004290,0.315239,odds ratio,1.114162,0.902241,1.375860,128569,,,-45110.626387,LMSYS::RWKV-4-Raven-14B,44,40,has_Cog_C ~ user framing + task ecology + length bucket + model/source fixed effects,conversation-robust sandwich,Model/source sensitivity replaces dataset fixed effects with recoverable model or source-family indicators; model/source labels are observational metadata.
2.2,any constructive turn,model/source FE,model_source::WildChat::gpt-4o-2024-11-20,model_source::WildChat::gpt-4o-2024-11-20,-0.170312,0.155011,-1.098704,0.271897,odds ratio,0.843402,0.622424,1.142834,128569,,,-45110.626387,LMSYS::RWKV-4-Raven-14B,44,40,has_Cog_C ~ user framing + task ecology + length bucket + model/source fixed effects,conversation-robust sandwich,Model/source sensitivity replaces dataset fixed effects with recoverable model or source-family indicators; model/source labels are observational metadata.
2.2,any constructive turn,model/source FE,model_source::WildChat::gpt-4o-mini-2024-07-18,model_source::WildChat::gpt-4o-mini-2024-07-18,-0.017017,0.107991,-0.157575,0.874792,odds ratio,0.983127,0.795584,1.214880,128569,,,-45110.626387,LMSYS::RWKV-4-Raven-14B,44,40,has_Cog_C ~ user framing + task ecology + length bucket + model/source fixed effects,conversation-robust sandwich,Model/source sensitivity replaces dataset fixed effects with recoverable model or source-family indicators; model/source labels are observational metadata.
2.2,constructive-turn rate,model/source FE,Intercept,Intercept,-3.374205,0.168856,-19.982749,7.7818e-89,odds ratio,0.034245,0.024596,0.047680,128569,491685,24227,-92110.818542,LMSYS::RWKV-4-Raven-14B,44,40,Cog_C_count out of user_turns ~ user framing + task ecology + length bucket + model/source fixed effects,conversation-robust sandwich,Model/source sensitivity replaces dataset fixed effects with recoverable model or source-family indicators; model/source labels are observational metadata.
2.2,constructive-turn rate,model/source FE,intentional_framing,Intentional framing,1.030141,0.018699,55.090902,0,odds ratio,2.801460,2.700645,2.906038,128569,491685,24227,-92110.818542,LMSYS::RWKV-4-Raven-14B,44,40,Cog_C_count out of user_turns ~ user framing + task ecology + length bucket + model/source fixed effects,conversation-robust sandwich,Model/source sensitivity replaces dataset fixed effects with recoverable model or source-family indicators; model/source labels are observational metadata.
2.2,constructive-turn rate,model/source FE,coding_task,Coding task ecology,0.511226,0.061858,8.264477,1.40308e-16,odds ratio,1.667335,1.476957,1.882251,128569,491685,24227,-92110.818542,LMSYS::RWKV-4-Raven-14B,44,40,Cog_C_count out of user_turns ~ user framing + task ecology + length bucket + model/source fixed effects,conversation-robust sandwich,Model/source sensitivity replaces dataset fixed effects with recoverable model or source-family indicators; model/source labels are observational metadata.
2.2,constructive-turn rate,model/source FE,length_4_6_user_turns,4--6 user turns,0.128482,0.019354,6.638425,3.17053e-11,odds ratio,1.137101,1.094774,1.181065,128569,491685,24227,-92110.818542,LMSYS::RWKV-4-Raven-14B,44,40,Cog_C_count out of user_turns ~ user framing + task ecology + length bucket + model/source fixed effects,conversation-robust sandwich,Model/source sensitivity replaces dataset fixed effects with recoverable model or source-family indicators; model/source labels are observational metadata.
2.2,constructive-turn rate,model/source FE,length_7plus_user_turns,7+ user turns,0.064366,0.024339,2.644542,0.00818016,odds ratio,1.066483,1.016801,1.118592,128569,491685,24227,-92110.818542,LMSYS::RWKV-4-Raven-14B,44,40,Cog_C_count out of user_turns ~ user framing + task ecology + length bucket + model/source fixed effects,conversation-robust sandwich,Model/source sensitivity replaces dataset fixed effects with recoverable model or source-family indicators; model/source labels are observational metadata.
2.2,constructive-turn rate,model/source FE,model_source::LMSYS::alpaca-13b,model_source::LMSYS::alpaca-13b,-1.156111,0.176685,-6.543326,6.01653e-11,odds ratio,0.314708,0.222592,0.444944,128569,491685,24227,-92110.818542,LMSYS::RWKV-4-Raven-14B,44,40,Cog_C_count out of user_turns ~ user framing + task ecology + length bucket + model/source fixed effects,conversation-robust sandwich,Model/source sensitivity replaces dataset fixed effects with recoverable model or source-family indicators; model/source labels are observational metadata.
2.2,constructive-turn rate,model/source FE,model_source::LMSYS::chatglm-6b,model_source::LMSYS::chatglm-6b,-1.137372,0.186597,-6.095355,1.09195e-09,odds ratio,0.320661,0.222439,0.462253,128569,491685,24227,-92110.818542,LMSYS::RWKV-4-Raven-14B,44,40,Cog_C_count out of user_turns ~ user framing + task ecology + length bucket + model/source fixed effects,conversation-robust sandwich,Model/source sensitivity replaces dataset fixed effects with recoverable model or source-family indicators; model/source labels are observational metadata.
2.2,constructive-turn rate,model/source FE,model_source::LMSYS::claude-1,model_source::LMSYS::claude-1,-0.769316,0.180198,-4.269290,1.96096e-05,odds ratio,0.463330,0.325464,0.659596,128569,491685,24227,-92110.818542,LMSYS::RWKV-4-Raven-14B,44,40,Cog_C_count out of user_turns ~ user framing + task ecology + length bucket + model/source fixed effects,conversation-robust sandwich,Model/source sensitivity replaces dataset fixed effects with recoverable model or source-family indicators; model/source labels are observational metadata.
2.2,constructive-turn rate,model/source FE,model_source::LMSYS::claude-instant-1,model_source::LMSYS::claude-instant-1,-0.295884,0.238041,-1.242996,0.213869,odds ratio,0.743874,0.466525,1.186107,128569,491685,24227,-92110.818542,LMSYS::RWKV-4-Raven-14B,44,40,Cog_C_count out of user_turns ~ user framing + task ecology + length bucket + model/source fixed effects,conversation-robust sandwich,Model/source sensitivity replaces dataset fixed effects with recoverable model or source-family indicators; model/source labels are observational metadata.
2.2,constructive-turn rate,model/source FE,model_source::LMSYS::dolly-v2-12b,model_source::LMSYS::dolly-v2-12b,-0.978272,0.213463,-4.582864,4.5865e-06,odds ratio,0.375960,0.247422,0.571275,128569,491685,24227,-92110.818542,LMSYS::RWKV-4-Raven-14B,44,40,Cog_C_count out of user_turns ~ user framing + task ecology + length bucket + model/source fixed effects,conversation-robust sandwich,Model/source sensitivity replaces dataset fixed effects with recoverable model or source-family indicators; model/source labels are observational metadata.
2.2,constructive-turn rate,model/source FE,model_source::LMSYS::fastchat-t5-3b,model_source::LMSYS::fastchat-t5-3b,-1.200090,0.250703,-4.786907,1.69371e-06,odds ratio,0.301167,0.184249,0.492277,128569,491685,24227,-92110.818542,LMSYS::RWKV-4-Raven-14B,44,40,Cog_C_count out of user_turns ~ user framing + task ecology + length bucket + model/source fixed effects,conversation-robust sandwich,Model/source sensitivity replaces dataset fixed effects with recoverable model or source-family indicators; model/source labels are observational metadata.
2.2,constructive-turn rate,model/source FE,model_source::LMSYS::gpt-3.5-turbo,model_source::LMSYS::gpt-3.5-turbo,-0.870332,0.242552,-3.588231,0.00033293,odds ratio,0.418812,0.260349,0.673727,128569,491685,24227,-92110.818542,LMSYS::RWKV-4-Raven-14B,44,40,Cog_C_count out of user_turns ~ user framing + task ecology + length bucket + model/source fixed effects,conversation-robust sandwich,Model/source sensitivity replaces dataset fixed effects with recoverable model or source-family indicators; model/source labels are observational metadata.
2.2,constructive-turn rate,model/source FE,model_source::LMSYS::gpt-4,model_source::LMSYS::gpt-4,-0.717930,0.206914,-3.469708,0.000521025,odds ratio,0.487761,0.325146,0.731704,128569,491685,24227,-92110.818542,LMSYS::RWKV-4-Raven-14B,44,40,Cog_C_count out of user_turns ~ user framing + task ecology + length bucket + model/source fixed effects,conversation-robust sandwich,Model/source sensitivity replaces dataset fixed effects with recoverable model or source-family indicators; model/source labels are observational metadata.
2.2,constructive-turn rate,model/source FE,model_source::LMSYS::gpt4all-13b-snoozy,model_source::LMSYS::gpt4all-13b-snoozy,-0.684484,0.226970,-3.015750,0.00256344,odds ratio,0.504350,0.323245,0.786924,128569,491685,24227,-92110.818542,LMSYS::RWKV-4-Raven-14B,44,40,Cog_C_count out of user_turns ~ user framing + task ecology + length bucket + model/source fixed effects,conversation-robust sandwich,Model/source sensitivity replaces dataset fixed effects with recoverable model or source-family indicators; model/source labels are observational metadata.
2.2,constructive-turn rate,model/source FE,model_source::LMSYS::guanaco-33b,model_source::LMSYS::guanaco-33b,-0.841657,0.217702,-3.866095,0.000110592,odds ratio,0.430996,0.281295,0.660366,128569,491685,24227,-92110.818542,LMSYS::RWKV-4-Raven-14B,44,40,Cog_C_count out of user_turns ~ user framing + task ecology + length bucket + model/source fixed effects,conversation-robust sandwich,Model/source sensitivity replaces dataset fixed effects with recoverable model or source-family indicators; model/source labels are observational metadata.
2.2,constructive-turn rate,model/source FE,model_source::LMSYS::koala-13b,model_source::LMSYS::koala-13b,-0.903316,0.170380,-5.301780,1.14679e-07,odds ratio,0.405224,0.290178,0.565881,128569,491685,24227,-92110.818542,LMSYS::RWKV-4-Raven-14B,44,40,Cog_C_count out of user_turns ~ user framing + task ecology + length bucket + model/source fixed effects,conversation-robust sandwich,Model/source sensitivity replaces dataset fixed effects with recoverable model or source-family indicators; model/source labels are observational metadata.
2.2,constructive-turn rate,model/source FE,model_source::LMSYS::llama-13b,model_source::LMSYS::llama-13b,-1.672906,0.231862,-7.215100,5.38944e-13,odds ratio,0.187701,0.119152,0.295686,128569,491685,24227,-92110.818542,LMSYS::RWKV-4-Raven-14B,44,40,Cog_C_count out of user_turns ~ user framing + task ecology + length bucket + model/source fixed effects,conversation-robust sandwich,Model/source sensitivity replaces dataset fixed effects with recoverable model or source-family indicators; model/source labels are observational metadata.
2.2,constructive-turn rate,model/source FE,model_source::LMSYS::llama-2-13b-chat,model_source::LMSYS::llama-2-13b-chat,-0.800585,0.174125,-4.597761,4.27056e-06,odds ratio,0.449066,0.319221,0.631726,128569,491685,24227,-92110.818542,LMSYS::RWKV-4-Raven-14B,44,40,Cog_C_count out of user_turns ~ user framing + task ecology + length bucket + model/source fixed effects,conversation-robust sandwich,Model/source sensitivity replaces dataset fixed effects with recoverable model or source-family indicators; model/source labels are observational metadata.
2.2,constructive-turn rate,model/source FE,model_source::LMSYS::llama-2-7b-chat,model_source::LMSYS::llama-2-7b-chat,-1.014052,0.300086,-3.379208,0.000726951,odds ratio,0.362746,0.201449,0.653192,128569,491685,24227,-92110.818542,LMSYS::RWKV-4-Raven-14B,44,40,Cog_C_count out of user_turns ~ user framing + task ecology + length bucket + model/source fixed effects,conversation-robust sandwich,Model/source sensitivity replaces dataset fixed effects with recoverable model or source-family indicators; model/source labels are observational metadata.
2.2,constructive-turn rate,model/source FE,model_source::LMSYS::mpt-30b-chat,model_source::LMSYS::mpt-30b-chat,-0.429019,0.232358,-1.846370,0.0648385,odds ratio,0.651148,0.412945,1.026755,128569,491685,24227,-92110.818542,LMSYS::RWKV-4-Raven-14B,44,40,Cog_C_count out of user_turns ~ user framing + task ecology + length bucket + model/source fixed effects,conversation-robust sandwich,Model/source sensitivity replaces dataset fixed effects with recoverable model or source-family indicators; model/source labels are observational metadata.
2.2,constructive-turn rate,model/source FE,model_source::LMSYS::mpt-7b-chat,model_source::LMSYS::mpt-7b-chat,-0.978157,0.224472,-4.357583,1.31507e-05,odds ratio,0.376003,0.242168,0.583803,128569,491685,24227,-92110.818542,LMSYS::RWKV-4-Raven-14B,44,40,Cog_C_count out of user_turns ~ user framing + task ecology + length bucket + model/source fixed effects,conversation-robust sandwich,Model/source sensitivity replaces dataset fixed effects with recoverable model or source-family indicators; model/source labels are observational metadata.
2.2,constructive-turn rate,model/source FE,model_source::LMSYS::oasst-pythia-12b,model_source::LMSYS::oasst-pythia-12b,-0.805783,0.208529,-3.864120,0.00011149,odds ratio,0.446738,0.296858,0.672290,128569,491685,24227,-92110.818542,LMSYS::RWKV-4-Raven-14B,44,40,Cog_C_count out of user_turns ~ user framing + task ecology + length bucket + model/source fixed effects,conversation-robust sandwich,Model/source sensitivity replaces dataset fixed effects with recoverable model or source-family indicators; model/source labels are observational metadata.
2.2,constructive-turn rate,model/source FE,model_source::LMSYS::palm-2,model_source::LMSYS::palm-2,-0.443454,0.246661,-1.797826,0.0722046,odds ratio,0.641816,0.395775,1.040813,128569,491685,24227,-92110.818542,LMSYS::RWKV-4-Raven-14B,44,40,Cog_C_count out of user_turns ~ user framing + task ecology + length bucket + model/source fixed effects,conversation-robust sandwich,Model/source sensitivity replaces dataset fixed effects with recoverable model or source-family indicators; model/source labels are observational metadata.
2.2,constructive-turn rate,model/source FE,model_source::LMSYS::stablelm-tuned-alpha-7b,model_source::LMSYS::stablelm-tuned-alpha-7b,-1.294281,0.243461,-5.316175,1.05971e-07,odds ratio,0.274095,0.170084,0.441712,128569,491685,24227,-92110.818542,LMSYS::RWKV-4-Raven-14B,44,40,Cog_C_count out of user_turns ~ user framing + task ecology + length bucket + model/source fixed effects,conversation-robust sandwich,Model/source sensitivity replaces dataset fixed effects with recoverable model or source-family indicators; model/source labels are observational metadata.
2.2,constructive-turn rate,model/source FE,model_source::LMSYS::vicuna-13b,model_source::LMSYS::vicuna-13b,-0.843347,0.160583,-5.251796,1.50624e-07,odds ratio,0.430268,0.314086,0.589427,128569,491685,24227,-92110.818542,LMSYS::RWKV-4-Raven-14B,44,40,Cog_C_count out of user_turns ~ user framing + task ecology + length bucket + model/source fixed effects,conversation-robust sandwich,Model/source sensitivity replaces dataset fixed effects with recoverable model or source-family indicators; model/source labels are observational metadata.
2.2,constructive-turn rate,model/source FE,model_source::LMSYS::vicuna-33b,model_source::LMSYS::vicuna-33b,-0.673618,0.182981,-3.681365,0.000231988,odds ratio,0.509860,0.356201,0.729806,128569,491685,24227,-92110.818542,LMSYS::RWKV-4-Raven-14B,44,40,Cog_C_count out of user_turns ~ user framing + task ecology + length bucket + model/source fixed effects,conversation-robust sandwich,Model/source sensitivity replaces dataset fixed effects with recoverable model or source-family indicators; model/source labels are observational metadata.
2.2,constructive-turn rate,model/source FE,model_source::LMSYS::vicuna-7b,model_source::LMSYS::vicuna-7b,-1.207619,0.229009,-5.273240,1.34036e-07,odds ratio,0.298908,0.190810,0.468246,128569,491685,24227,-92110.818542,LMSYS::RWKV-4-Raven-14B,44,40,Cog_C_count out of user_turns ~ user framing + task ecology + length bucket + model/source fixed effects,conversation-robust sandwich,Model/source sensitivity replaces dataset fixed effects with recoverable model or source-family indicators; model/source labels are observational metadata.
2.2,constructive-turn rate,model/source FE,model_source::LMSYS::wizardlm-13b,model_source::LMSYS::wizardlm-13b,-0.680120,0.205272,-3.313262,0.000922147,odds ratio,0.506556,0.338763,0.757458,128569,491685,24227,-92110.818542,LMSYS::RWKV-4-Raven-14B,44,40,Cog_C_count out of user_turns ~ user framing + task ecology + length bucket + model/source fixed effects,conversation-robust sandwich,Model/source sensitivity replaces dataset fixed effects with recoverable model or source-family indicators; model/source labels are observational metadata.
2.2,constructive-turn rate,model/source FE,model_source::ShareChat::chatgpt,model_source::ShareChat::chatgpt,0.311564,0.164891,1.889512,0.0588233,odds ratio,1.365560,0.988444,1.886553,128569,491685,24227,-92110.818542,LMSYS::RWKV-4-Raven-14B,44,40,Cog_C_count out of user_turns ~ user framing + task ecology + length bucket + model/source fixed effects,conversation-robust sandwich,Model/source sensitivity replaces dataset fixed effects with recoverable model or source-family indicators; model/source labels are observational metadata.
2.2,constructive-turn rate,model/source FE,model_source::ShareChat::grok,model_source::ShareChat::grok,-0.352191,0.268238,-1.312979,0.18919,odds ratio,0.703146,0.415639,1.189527,128569,491685,24227,-92110.818542,LMSYS::RWKV-4-Raven-14B,44,40,Cog_C_count out of user_turns ~ user framing + task ecology + length bucket + model/source fixed effects,conversation-robust sandwich,Model/source sensitivity replaces dataset fixed effects with recoverable model or source-family indicators; model/source labels are observational metadata.
2.2,constructive-turn rate,model/source FE,model_source::ShareChat::perplexity,model_source::ShareChat::perplexity,-0.612509,0.225308,-2.718536,0.00655715,odds ratio,0.541989,0.348501,0.842902,128569,491685,24227,-92110.818542,LMSYS::RWKV-4-Raven-14B,44,40,Cog_C_count out of user_turns ~ user framing + task ecology + length bucket + model/source fixed effects,conversation-robust sandwich,Model/source sensitivity replaces dataset fixed effects with recoverable model or source-family indicators; model/source labels are observational metadata.
2.2,constructive-turn rate,model/source FE,model_source::WildChat::gpt-3.5-turbo,model_source::WildChat::gpt-3.5-turbo,-0.510481,0.162147,-3.148258,0.00164247,odds ratio,0.600207,0.436796,0.824752,128569,491685,24227,-92110.818542,LMSYS::RWKV-4-Raven-14B,44,40,Cog_C_count out of user_turns ~ user framing + task ecology + length bucket + model/source fixed effects,conversation-robust sandwich,Model/source sensitivity replaces dataset fixed effects with recoverable model or source-family indicators; model/source labels are observational metadata.
2.2,constructive-turn rate,model/source FE,model_source::WildChat::gpt-3.5-turbo-0125,model_source::WildChat::gpt-3.5-turbo-0125,-0.727591,0.168408,-4.320400,1.55747e-05,odds ratio,0.483071,0.347264,0.671991,128569,491685,24227,-92110.818542,LMSYS::RWKV-4-Raven-14B,44,40,Cog_C_count out of user_turns ~ user framing + task ecology + length bucket + model/source fixed effects,conversation-robust sandwich,Model/source sensitivity replaces dataset fixed effects with recoverable model or source-family indicators; model/source labels are observational metadata.
2.2,constructive-turn rate,model/source FE,model_source::WildChat::gpt-3.5-turbo-0301,model_source::WildChat::gpt-3.5-turbo-0301,-0.445805,0.169981,-2.622678,0.00872416,odds ratio,0.640308,0.458879,0.893470,128569,491685,24227,-92110.818542,LMSYS::RWKV-4-Raven-14B,44,40,Cog_C_count out of user_turns ~ user framing + task ecology + length bucket + model/source fixed effects,conversation-robust sandwich,Model/source sensitivity replaces dataset fixed effects with recoverable model or source-family indicators; model/source labels are observational metadata.
2.2,constructive-turn rate,model/source FE,model_source::WildChat::gpt-3.5-turbo-0613,model_source::WildChat::gpt-3.5-turbo-0613,-0.938885,0.162508,-5.777469,7.58325e-09,odds ratio,0.391064,0.284392,0.537746,128569,491685,24227,-92110.818542,LMSYS::RWKV-4-Raven-14B,44,40,Cog_C_count out of user_turns ~ user framing + task ecology + length bucket + model/source fixed effects,conversation-robust sandwich,Model/source sensitivity replaces dataset fixed effects with recoverable model or source-family indicators; model/source labels are observational metadata.
2.2,constructive-turn rate,model/source FE,model_source::WildChat::gpt-4,model_source::WildChat::gpt-4,0.035667,0.169550,0.210360,0.833387,odds ratio,1.036310,0.743303,1.444821,128569,491685,24227,-92110.818542,LMSYS::RWKV-4-Raven-14B,44,40,Cog_C_count out of user_turns ~ user framing + task ecology + length bucket + model/source fixed effects,conversation-robust sandwich,Model/source sensitivity replaces dataset fixed effects with recoverable model or source-family indicators; model/source labels are observational metadata.
2.2,constructive-turn rate,model/source FE,model_source::WildChat::gpt-4-0125-preview,model_source::WildChat::gpt-4-0125-preview,-0.458841,0.168115,-2.729325,0.00634642,odds ratio,0.632016,0.454596,0.878679,128569,491685,24227,-92110.818542,LMSYS::RWKV-4-Raven-14B,44,40,Cog_C_count out of user_turns ~ user framing + task ecology + length bucket + model/source fixed effects,conversation-robust sandwich,Model/source sensitivity replaces dataset fixed effects with recoverable model or source-family indicators; model/source labels are observational metadata.
2.2,constructive-turn rate,model/source FE,model_source::WildChat::gpt-4-0314,model_source::WildChat::gpt-4-0314,0.237345,0.181493,1.307739,0.190962,odds ratio,1.267879,0.888358,1.809537,128569,491685,24227,-92110.818542,LMSYS::RWKV-4-Raven-14B,44,40,Cog_C_count out of user_turns ~ user framing + task ecology + length bucket + model/source fixed effects,conversation-robust sandwich,Model/source sensitivity replaces dataset fixed effects with recoverable model or source-family indicators; model/source labels are observational metadata.
2.2,constructive-turn rate,model/source FE,model_source::WildChat::gpt-4-1106-preview,model_source::WildChat::gpt-4-1106-preview,-0.164859,0.166912,-0.987700,0.3233,odds ratio,0.848013,0.611398,1.176200,128569,491685,24227,-92110.818542,LMSYS::RWKV-4-Raven-14B,44,40,Cog_C_count out of user_turns ~ user framing + task ecology + length bucket + model/source fixed effects,conversation-robust sandwich,Model/source sensitivity replaces dataset fixed effects with recoverable model or source-family indicators; model/source labels are observational metadata.
2.2,constructive-turn rate,model/source FE,model_source::WildChat::gpt-4-turbo-2024-04-09,model_source::WildChat::gpt-4-turbo-2024-04-09,-0.816721,0.184373,-4.429730,9.43509e-06,odds ratio,0.441878,0.307866,0.634226,128569,491685,24227,-92110.818542,LMSYS::RWKV-4-Raven-14B,44,40,Cog_C_count out of user_turns ~ user framing + task ecology + length bucket + model/source fixed effects,conversation-robust sandwich,Model/source sensitivity replaces dataset fixed effects with recoverable model or source-family indicators; model/source labels are observational metadata.
2.2,constructive-turn rate,model/source FE,model_source::WildChat::gpt-4.1-mini-2025-04-14,model_source::WildChat::gpt-4.1-mini-2025-04-14,-0.627185,0.168309,-3.726383,0.000194247,odds ratio,0.534093,0.384016,0.742822,128569,491685,24227,-92110.818542,LMSYS::RWKV-4-Raven-14B,44,40,Cog_C_count out of user_turns ~ user framing + task ecology + length bucket + model/source fixed effects,conversation-robust sandwich,Model/source sensitivity replaces dataset fixed effects with recoverable model or source-family indicators; model/source labels are observational metadata.
2.2,constructive-turn rate,model/source FE,model_source::WildChat::gpt-4o-2024-05-13,model_source::WildChat::gpt-4o-2024-05-13,-0.372499,0.165413,-2.251937,0.0243262,odds ratio,0.689010,0.498223,0.952857,128569,491685,24227,-92110.818542,LMSYS::RWKV-4-Raven-14B,44,40,Cog_C_count out of user_turns ~ user framing + task ecology + length bucket + model/source fixed effects,conversation-robust sandwich,Model/source sensitivity replaces dataset fixed effects with recoverable model or source-family indicators; model/source labels are observational metadata.
2.2,constructive-turn rate,model/source FE,model_source::WildChat::gpt-4o-2024-08-06,model_source::WildChat::gpt-4o-2024-08-06,-0.377184,0.163742,-2.303521,0.0212495,odds ratio,0.685790,0.497520,0.945304,128569,491685,24227,-92110.818542,LMSYS::RWKV-4-Raven-14B,44,40,Cog_C_count out of user_turns ~ user framing + task ecology + length bucket + model/source fixed effects,conversation-robust sandwich,Model/source sensitivity replaces dataset fixed effects with recoverable model or source-family indicators; model/source labels are observational metadata.
2.2,constructive-turn rate,model/source FE,model_source::WildChat::gpt-4o-2024-11-20,model_source::WildChat::gpt-4o-2024-11-20,-0.517422,0.199695,-2.591058,0.00956814,odds ratio,0.596055,0.402998,0.881598,128569,491685,24227,-92110.818542,LMSYS::RWKV-4-Raven-14B,44,40,Cog_C_count out of user_turns ~ user framing + task ecology + length bucket + model/source fixed effects,conversation-robust sandwich,Model/source sensitivity replaces dataset fixed effects with recoverable model or source-family indicators; model/source labels are observational metadata.
2.2,constructive-turn rate,model/source FE,model_source::WildChat::gpt-4o-mini-2024-07-18,model_source::WildChat::gpt-4o-mini-2024-07-18,-0.632819,0.163543,-3.869447,0.000109083,odds ratio,0.531092,0.385443,0.731780,128569,491685,24227,-92110.818542,LMSYS::RWKV-4-Raven-14B,44,40,Cog_C_count out of user_turns ~ user framing + task ecology + length bucket + model/source fixed effects,conversation-robust sandwich,Model/source sensitivity replaces dataset fixed effects with recoverable model or source-family indicators; model/source labels are observational metadata.
